{
    "edge_states_info": {
        "res_id": "EDGE_IN_PHASE",
        "re": 500.0,
        "amplitudes": [0.05, 0.1, 0.2, 0.3, 0.4, 0.5],
        "frequencies": [0.0078125, 0.015625, 0.03125, 0.0625, 0.125, 0.25, 0.5, 1, 2, 4, 8, 16],
        "tasks": [
            [71, 72, 73, 74, 75, 76, 77, 78, -1, -1, -1, -1],
            [46, 47, 48, 11, 12, 13, 14, 15, 16, 17, 18, 19],
            [49, 50, 51, 20, 21, 22, 24, 25, 26, 28, 29, 30],
            [52, 53, 54, 31, 32, 33, 34, 35, -1, -1, -1, -1],
            [55, 56, 57, 36, 37, 38, 39, 40, -1, -1, -1, -1],
            [58, 59, 60, -1, -1, -1, 44, 45, -1, -1, -1, -1]
        ],
        "task_for_uncontrolled_case": 27
    },
    "simulations_with_full_fields_saved": {
        "res_id": "P_LAM_ESTIMATION",
        "re": 500.0,
        "amplitudes": [0.1, 0.2, 0.3, 0.4],
        "frequencies": [0.03125, 0.0625, 0.125, 0.25, 0.5],
        "tasks": [
            [39, 35, 38, 37, 36],
            [43, 34, 42, 51, 40],
            [47, 32, 46, -1, 44],
            [50, 33, -1, 49, 48]
        ],
        "task_for_uncontrolled_case": 52
    },
    "seed": 486832,
    "seed_for_bayesian_example": 1,
    "default_sample_number": 1000,
    "sample_size_per_energy_level": 10,
    "minimum_sample_size_per_energy_level": 5
}
