{
    "edge_states_info": {
        "res_id": "EDGE_IN_PHASE",
        "amplitudes": [0.05, 0.1, 0.2, 0.3, 0.4, 0.5],
        "frequencies": [0.0078125, 0.015625, 0.03125, 0.0625, 0.125, 0.25, 0.5, 1, 2, 4, 8, 16],
        "tasks": [
            [71, 72, 73, 74, 75, 76, 77, 78, -1, -1, -1, -1],
            [46, 47, 48, 11, 12, 13, 14, 15, 16, 17, 18, 19],
            [49, 50, 51, 20, 21, 22, 24, 25, 26, 28, 29, 30],
            [52, 53, 54, 31, 32, 33, 34, 35, -1, -1, -1, -1],
            [55, 56, 57, 36, 37, 38, 39, 40, -1, -1, -1, -1],
            [58, 59, 60, 41, 42, 43, 44, 45, -1, -1, -1, -1]
        ],
        "task_for_uncontrolled_case": 27
    }
}
